<coordinator-app xmlns="uri:oozie:coordinator:0.2" name="job_ea_${dmnNm}_${objNm}_archive_coordinator" frequency="${coordinatorFrequency}" start="${startTime}" end="${endTime}" timezone="GMT" >
   <controls>
      <timeout>1</timeout>
      <concurrency>1</concurrency>
      <execution>LAST_ONLY</execution>
      <throttle>1</throttle>
   </controls>
   
   <action>
      <workflow>
         <app-path>/user/${userName}/${appRoot}/job_ea_sc_archive_workflow.xml</app-path>
      </workflow>
   </action>
</coordinator-app>
