<workflow-app xmlns="uri:oozie:workflow:0.3" name="job_ea_sc_scits_workflow">
	<credentials>
		<credential name="hcatauth" type="hcat">
			<property>
				<name>hive.metastore.uris</name>
				<value>${hiveThrift}</value>
			</property>
			<property>
				<name>hcat.metastore.principal</name>
				<value>${kPrincipal}</value>
			</property>
		</credential>
	</credentials>
	<start to="job_ea_hive_qlik_dependency_scits_start" />
	<fork name="first-parallel-set">
		<path start="job_ea_sc_scits_xtrn_mfrg_ptnr_inbnd_opn_orders_cnsmpn_wrapper"/>
		<path start="job_ea_sc_scits_xtrn_mfrg_ptnr_inbnd_receipts_cnsmpn_wrapper"/>
		<path start="job_ea_sc_scits_xtrn_mfrg_ptnr_opn_wrk_ordrs_cnsmpn_wrapper"/>
		<path start="job_ea_sc_scits_xtrn_mfrg_ptnr_invy_cnsmpn_wrapper"/>
		<path start="job_ea_sc_scits_xtrn_mfrg_ptnr_mtrl_rqrmnts_cnsmpn_wrapper"/>
		<path start="job_ea_sc_scits_xtrn_mfrg_ptnr_otbnd_opn_orders_cnsmpn_wrapper"/>
		<path start="job_ea_sc_scits_xtrn_mfrg_ptnr_splyr_mstr_cnsmpn_wrapper"/>
		<path start="job_ea_sc_scits_xtrn_mfrg_ptnr_prod_srtr_cnsmpn_wrapper"/>
		<path start="job_ea_sc_scits_xtrn_mfrg_ptnr_prt_mstr_cnsmpn_wrapper"/>
		<path start="job_ea_sc_scits_xtrn_mfrg_ptnr_splyr_prt_mstr_cnsmpn_wrapper"/>
    </fork>
	<fork name="second-parallel-set">
		<path start="job_ea_sc_scits_xtrn_mfrg_ptnr_prt_mstr_fct_wrapper"/>
		<path start="job_ea_sc_scits_xtrn_mfrg_ptnr_splyr_prt_mstr_fct_wrapper"/>
    </fork>
	<fork name="third-parallel-set">
		<path start="job_ea_sc_scits_xtrn_mfrg_ptnr_inbnd_opn_orders_fct_wrapper"/>
		<path start="job_ea_sc_scits_xtrn_mfrg_ptnr_inbnd_receipts_fct_wrapper"/>
		<path start="job_ea_sc_scits_xtrn_mfrg_ptnr_open_work_orders_fct_wrapper"/>
		<path start="job_ea_sc_scits_xtrn_mfrg_ptnr_inventory_fct_wrapper"/>
		<path start="job_ea_sc_scits_xtrn_mfrg_ptnr_material_requirements_fct_wrapper"/>
		<path start="job_ea_sc_scits_xtrn_mfrg_ptnr_outbound_open_orders_fct_wrapper"/>
    </fork>
	<action name='job_ea_hive_qlik_dependency_scits_start' cred="hcatauth">
        <spark xmlns="uri:oozie:spark-action:0.2">
            <job-tracker>${jobTracker}</job-tracker>
            <name-node>${nameNode}</name-node>
            <configuration>
                <property>
                    <name>mapreduce.job.queuename</name>
                    <value>${queue}</value>
                </property>
                <property>
                    <name>yarn.app.mapreduce.am.resource.mb</name>
                    <value>4096</value>
                </property>
                <property>
                    <name>yarn.app.mapreduce.am.command-opts</name>
                    <value>-Xmx3276m</value>
                </property>
                <property>
                    <name>mapreduce.map.memory.mb</name>
                    <value>4096</value>
                </property>
                <property>
                    <name>mapreduce.reduce.memory.mb</name>
                    <value>4096</value>
                </property>
                <property>
                    <name>mapreduce.map.java.opts</name>
                    <value>-Xmx3278m</value>
                </property>
                <property>
                  <name>mapreduce.reduce.java.opts</name>
                  <value>-Xmx3278m</value>
                </property>
            </configuration>
            <master>${master}</master>
            <mode>${mode}</mode>
            <name>job_ea_hive_qlik_dependency_scits_start</name>
            <class>com.hpe.batch.driver.facts.hive_qlik_dependency.hive_qlik_dependency</class>
            <jar>hdfs://EAP-PROD/user/srvc_nextgen_hpro/oozie/Consumption/Common/hpe-eap-oozie-hive_qlik_dependency_consumption/lib/EAP_Pipeline_Hive_Qlik_Dependency_Consumption.jar
            </jar>
            <spark-opts>--driver-memory ${hive_qlik_driverMemory} --executor-memory ${hive_qlik_executorMemory} --total-executor-cores ${hive_qlik_executorCores} --queue ${queue} --files hive-site.xml --conf spark.eventLog.dir=${nameNode}/user/${userName}/eventLogging --conf spark.app.name=job_ea_hive_qlik_dependency_scits_start --conf spark.dynamicAllocation.initialExecutors=${hive_qlik_initialExecutors} --conf spark.dynamicAllocation.maxExecutors=${hive_qlik_maxExecutors} --conf spark.dynamicAllocation.cachedExecutorIdleTimeout=${hive_qlik_cachedExecutorIdleTimeout} --conf spark.dynamicAllocation.enabled=${hive_qlik_dynamic} --conf spark.files.overwrite=true
            </spark-opts>
        <arg>${hive_qlik_model_name}</arg>
        <arg>${hive_qlik_email_recipients}</arg>
        <arg>start</arg>
        <arg>${hive_qlik_db_name}</arg>
        <arg>${hive_qlik_environment}</arg>
        </spark>
                <ok to="first-parallel-set" />
                <error to="failed-email-notification" />
    </action>
	<action name='job_ea_sc_scits_xtrn_mfrg_ptnr_inbnd_opn_orders_cnsmpn_wrapper' cred="hcatauth">
        <spark xmlns="uri:oozie:spark-action:0.2">
            <job-tracker>${jobTracker}</job-tracker>
            <name-node>${nameNode}</name-node>
            <configuration>
                <property>
                    <name>mapreduce.job.queuename</name>
                    <value>${queue}</value>
                </property>
                <property>
                    <name>yarn.app.mapreduce.am.resource.mb</name>
                    <value>4096</value>
                </property>
                <property>
                    <name>yarn.app.mapreduce.am.command-opts</name>
                    <value>-Xmx3276m</value>
                </property>
                <property>
                    <name>mapreduce.map.memory.mb</name>
                    <value>4096</value>
                </property>
                <property>
                    <name>mapreduce.reduce.memory.mb</name>
                    <value>4096</value>
                </property>
                <property>
                    <name>mapreduce.map.java.opts</name>
                    <value>-Xmx3278m</value>
                </property>
                <property>
                  <name>mapreduce.reduce.java.opts</name>
                  <value>-Xmx3278m</value>
                </property>
            </configuration>
            <master>${master}</master>
            <mode>${mode}</mode>
			<name>job_ea_sc_scits_xtrn_mfrg_ptnr_inbnd_opn_orders_cnsmpn_wrapper</name>
            <class>main.scala.com.hpe.batch.driver.SCITSDriver</class>
            <jar>${nameNode}/user/${userName}/oozie/Consumption/Common/hpe-eap-oozie-ref_consumption/lib/${jarName}
            </jar>
            <spark-opts>--driver-memory ${driverMemory} --executor-memory ${executorMemory} --executor-cores ${executorCores} --queue ${queue} --files hive-site.xml --conf spark.eventLog.dir=${nameNode}/user/${userName}/eventLogging --conf spark.app.name=job_ea_sc_scits_xtrn_mfrg_ptnr_inbnd_opn_orders_cnsmpn_wrapper --conf spark.dynamicAllocation.initialExecutors=${initialExecutors} --conf spark.dynamicAllocation.maxExecutors=${maxExecutors} --conf spark.dynamicAllocation.cachedExecutorIdleTimeout=${cachedExecutorIdleTimeout} --conf spark.dynamicAllocation.enabled=${dynamic} --conf spark.files.overwrite=true
            </spark-opts>
            <arg>${nameNode}/user/${userName}/properties/xtrn_mfrg_ptnr_inbnd_opn_orders_cnsmpn.properties</arg>
        </spark>
                <ok to="first-joining" />
                <error to="failed-email-notification" />
    </action>
	<action name='job_ea_sc_scits_xtrn_mfrg_ptnr_inbnd_receipts_cnsmpn_wrapper' cred="hcatauth">
        <spark xmlns="uri:oozie:spark-action:0.2">
            <job-tracker>${jobTracker}</job-tracker>
            <name-node>${nameNode}</name-node>
            <configuration>
                <property>
                    <name>mapreduce.job.queuename</name>
                    <value>${queue}</value>
                </property>
                <property>
                    <name>yarn.app.mapreduce.am.resource.mb</name>
                    <value>4096</value>
                </property>
                <property>
                    <name>yarn.app.mapreduce.am.command-opts</name>
                    <value>-Xmx3276m</value>
                </property>
                <property>
                    <name>mapreduce.map.memory.mb</name>
                    <value>4096</value>
                </property>
                <property>
                    <name>mapreduce.reduce.memory.mb</name>
                    <value>4096</value>
                </property>
                <property>
                    <name>mapreduce.map.java.opts</name>
                    <value>-Xmx3278m</value>
                </property>
                <property>
                  <name>mapreduce.reduce.java.opts</name>
                  <value>-Xmx3278m</value>
                </property>
            </configuration>
            <master>${master}</master>
            <mode>${mode}</mode>
			<name>job_ea_sc_scits_xtrn_mfrg_ptnr_inbnd_receipts_cnsmpn_wrapper</name>
            <class>main.scala.com.hpe.batch.driver.SCITSDriver</class>
            <jar>${nameNode}/user/${userName}/oozie/Consumption/Common/hpe-eap-oozie-ref_consumption/lib/${jarName}
            </jar>
            <spark-opts>--driver-memory ${driverMemory} --executor-memory ${executorMemory} --executor-cores ${executorCores} --queue ${queue} --files hive-site.xml --conf spark.eventLog.dir=${nameNode}/user/${userName}/eventLogging --conf spark.app.name=job_ea_sc_scits_xtrn_mfrg_ptnr_inbnd_receipts_cnsmpn_wrapper --conf spark.dynamicAllocation.initialExecutors=${initialExecutors} --conf spark.dynamicAllocation.maxExecutors=${maxExecutors} --conf spark.dynamicAllocation.cachedExecutorIdleTimeout=${cachedExecutorIdleTimeout} --conf spark.dynamicAllocation.enabled=${dynamic} --conf spark.files.overwrite=true
            </spark-opts>
            <arg>${nameNode}/user/${userName}/properties/xtrn_mfrg_ptnr_inbnd_receipts_cnsmpn.properties</arg>
        </spark>
                <ok to="first-joining" />
                <error to="failed-email-notification" />
    </action>
	<action name='job_ea_sc_scits_xtrn_mfrg_ptnr_opn_wrk_ordrs_cnsmpn_wrapper' cred="hcatauth">
        <spark xmlns="uri:oozie:spark-action:0.2">
            <job-tracker>${jobTracker}</job-tracker>
            <name-node>${nameNode}</name-node>
            <configuration>
                <property>
                    <name>mapreduce.job.queuename</name>
                    <value>${queue}</value>
                </property>
                <property>
                    <name>yarn.app.mapreduce.am.resource.mb</name>
                    <value>4096</value>
                </property>
                <property>
                    <name>yarn.app.mapreduce.am.command-opts</name>
                    <value>-Xmx3276m</value>
                </property>
                <property>
                    <name>mapreduce.map.memory.mb</name>
                    <value>4096</value>
                </property>
                <property>
                    <name>mapreduce.reduce.memory.mb</name>
                    <value>4096</value>
                </property>
                <property>
                    <name>mapreduce.map.java.opts</name>
                    <value>-Xmx3278m</value>
                </property>
                <property>
                  <name>mapreduce.reduce.java.opts</name>
                  <value>-Xmx3278m</value>
                </property>
            </configuration>
            <master>${master}</master>
            <mode>${mode}</mode>
			<name>job_ea_sc_scits_xtrn_mfrg_ptnr_opn_wrk_ordrs_cnsmpn_wrapper</name>
            <class>main.scala.com.hpe.batch.driver.SCITSDriver</class>
            <jar>${nameNode}/user/${userName}/oozie/Consumption/Common/hpe-eap-oozie-ref_consumption/lib/${jarName}
            </jar>
            <spark-opts>--driver-memory ${driverMemory} --executor-memory ${executorMemory} --executor-cores ${executorCores} --queue ${queue} --files hive-site.xml --conf spark.eventLog.dir=${nameNode}/user/${userName}/eventLogging --conf spark.app.name=job_ea_sc_scits_xtrn_mfrg_ptnr_opn_wrk_ordrs_cnsmpn_wrapper --conf spark.dynamicAllocation.initialExecutors=${initialExecutors} --conf spark.dynamicAllocation.maxExecutors=${maxExecutors} --conf spark.dynamicAllocation.cachedExecutorIdleTimeout=${cachedExecutorIdleTimeout} --conf spark.dynamicAllocation.enabled=${dynamic} --conf spark.files.overwrite=true
            </spark-opts>
            <arg>${nameNode}/user/${userName}/properties/xtrn_mfrg_ptnr_opn_wrk_orders_cnsmpn.properties</arg>
        </spark>
                <ok to="first-joining" />
                <error to="failed-email-notification" />
    </action>
	<action name='job_ea_sc_scits_xtrn_mfrg_ptnr_invy_cnsmpn_wrapper' cred="hcatauth">
        <spark xmlns="uri:oozie:spark-action:0.2">
            <job-tracker>${jobTracker}</job-tracker>
            <name-node>${nameNode}</name-node>
            <configuration>
                <property>
                    <name>mapreduce.job.queuename</name>
                    <value>${queue}</value>
                </property>
                <property>
                    <name>yarn.app.mapreduce.am.resource.mb</name>
                    <value>4096</value>
                </property>
                <property>
                    <name>yarn.app.mapreduce.am.command-opts</name>
                    <value>-Xmx3276m</value>
                </property>
                <property>
                    <name>mapreduce.map.memory.mb</name>
                    <value>4096</value>
                </property>
                <property>
                    <name>mapreduce.reduce.memory.mb</name>
                    <value>4096</value>
                </property>
                <property>
                    <name>mapreduce.map.java.opts</name>
                    <value>-Xmx3278m</value>
                </property>
                <property>
                  <name>mapreduce.reduce.java.opts</name>
                  <value>-Xmx3278m</value>
                </property>
            </configuration>
            <master>${master}</master>
            <mode>${mode}</mode>
			<name>job_ea_sc_scits_xtrn_mfrg_ptnr_invy_cnsmpn_wrapper</name>
            <class>main.scala.com.hpe.batch.driver.SCITSDriver</class>
            <jar>${nameNode}/user/${userName}/oozie/Consumption/Common/hpe-eap-oozie-ref_consumption/lib/${jarName}
            </jar>
            <spark-opts>--driver-memory ${driverMemory} --executor-memory ${executorMemory} --executor-cores ${executorCores} --queue ${queue} --files hive-site.xml --conf spark.eventLog.dir=${nameNode}/user/${userName}/eventLogging --conf spark.app.name=job_ea_sc_scits_xtrn_mfrg_ptnr_invy_cnsmpn_wrapper --conf spark.dynamicAllocation.initialExecutors=${initialExecutors} --conf spark.dynamicAllocation.maxExecutors=${maxExecutors} --conf spark.dynamicAllocation.cachedExecutorIdleTimeout=${cachedExecutorIdleTimeout} --conf spark.dynamicAllocation.enabled=${dynamic} --conf spark.files.overwrite=true
            </spark-opts>
            <arg>${nameNode}/user/${userName}/properties/xtrn_mfrg_ptnr_invy_cnsmpn.properties</arg>
        </spark>
                <ok to="first-joining" />
                <error to="failed-email-notification" />
    </action>
	<action name='job_ea_sc_scits_xtrn_mfrg_ptnr_mtrl_rqrmnts_cnsmpn_wrapper' cred="hcatauth">
        <spark xmlns="uri:oozie:spark-action:0.2">
            <job-tracker>${jobTracker}</job-tracker>
            <name-node>${nameNode}</name-node>
            <configuration>
                <property>
                    <name>mapreduce.job.queuename</name>
                    <value>${queue}</value>
                </property>
                <property>
                    <name>yarn.app.mapreduce.am.resource.mb</name>
                    <value>4096</value>
                </property>
                <property>
                    <name>yarn.app.mapreduce.am.command-opts</name>
                    <value>-Xmx3276m</value>
                </property>
                <property>
                    <name>mapreduce.map.memory.mb</name>
                    <value>4096</value>
                </property>
                <property>
                    <name>mapreduce.reduce.memory.mb</name>
                    <value>4096</value>
                </property>
                <property>
                    <name>mapreduce.map.java.opts</name>
                    <value>-Xmx3278m</value>
                </property>
                <property>
                  <name>mapreduce.reduce.java.opts</name>
                  <value>-Xmx3278m</value>
                </property>
            </configuration>
            <master>${master}</master>
            <mode>${mode}</mode>
			<name>job_ea_sc_scits_xtrn_mfrg_ptnr_mtrl_rqrmnts_cnsmpn_wrapper</name>
            <class>main.scala.com.hpe.batch.driver.SCITSDriver</class>
            <jar>${nameNode}/user/${userName}/oozie/Consumption/Common/hpe-eap-oozie-ref_consumption/lib/${jarName}
            </jar>
            <spark-opts>--driver-memory ${driverMemory} --executor-memory ${executorMemory} --executor-cores ${executorCores} --queue ${queue} --files hive-site.xml --conf spark.eventLog.dir=${nameNode}/user/${userName}/eventLogging --conf spark.app.name=job_ea_sc_scits_xtrn_mfrg_ptnr_mtrl_rqrmnts_cnsmpn_wrapper --conf spark.dynamicAllocation.initialExecutors=${initialExecutors} --conf spark.dynamicAllocation.maxExecutors=${maxExecutors} --conf spark.dynamicAllocation.cachedExecutorIdleTimeout=${cachedExecutorIdleTimeout} --conf spark.dynamicAllocation.enabled=${dynamic} --conf spark.files.overwrite=true
            </spark-opts>
            <arg>${nameNode}/user/${userName}/properties/xtrn_mfrg_ptnr_mtrl_rqrmnts_cnsmpn.properties</arg>
        </spark>
                <ok to="first-joining" />
                <error to="failed-email-notification" />
    </action>
	<action name='job_ea_sc_scits_xtrn_mfrg_ptnr_otbnd_opn_orders_cnsmpn_wrapper' cred="hcatauth">
        <spark xmlns="uri:oozie:spark-action:0.2">
            <job-tracker>${jobTracker}</job-tracker>
            <name-node>${nameNode}</name-node>
            <configuration>
                <property>
                    <name>mapreduce.job.queuename</name>
                    <value>${queue}</value>
                </property>
                <property>
                    <name>yarn.app.mapreduce.am.resource.mb</name>
                    <value>4096</value>
                </property>
                <property>
                    <name>yarn.app.mapreduce.am.command-opts</name>
                    <value>-Xmx3276m</value>
                </property>
                <property>
                    <name>mapreduce.map.memory.mb</name>
                    <value>4096</value>
                </property>
                <property>
                    <name>mapreduce.reduce.memory.mb</name>
                    <value>4096</value>
                </property>
                <property>
                    <name>mapreduce.map.java.opts</name>
                    <value>-Xmx3278m</value>
                </property>
                <property>
                  <name>mapreduce.reduce.java.opts</name>
                  <value>-Xmx3278m</value>
                </property>
            </configuration>
            <master>${master}</master>
            <mode>${mode}</mode>
			<name>job_ea_sc_scits_xtrn_mfrg_ptnr_otbnd_opn_orders_cnsmpn_wrapper</name>
            <class>main.scala.com.hpe.batch.driver.SCITSDriver</class>
            <jar>${nameNode}/user/${userName}/oozie/Consumption/Common/hpe-eap-oozie-ref_consumption/lib/${jarName}
            </jar>
            <spark-opts>--driver-memory ${driverMemory} --executor-memory ${executorMemory} --executor-cores ${executorCores} --queue ${queue} --files hive-site.xml --conf spark.eventLog.dir=${nameNode}/user/${userName}/eventLogging --conf spark.app.name=job_ea_sc_scits_xtrn_mfrg_ptnr_otbnd_opn_orders_cnsmpn_wrapper --conf spark.dynamicAllocation.initialExecutors=${initialExecutors} --conf spark.dynamicAllocation.maxExecutors=${maxExecutors} --conf spark.dynamicAllocation.cachedExecutorIdleTimeout=${cachedExecutorIdleTimeout} --conf spark.dynamicAllocation.enabled=${dynamic} --conf spark.files.overwrite=true
            </spark-opts>
            <arg>${nameNode}/user/${userName}/properties/xtrn_mfrg_ptnr_otbnd_opn_orders_cnsmpn.properties</arg>
        </spark>
                <ok to="first-joining" />
                <error to="failed-email-notification" />
    </action>
	<action name='job_ea_sc_scits_xtrn_mfrg_ptnr_splyr_mstr_cnsmpn_wrapper' cred="hcatauth">
        <spark xmlns="uri:oozie:spark-action:0.2">
            <job-tracker>${jobTracker}</job-tracker>
            <name-node>${nameNode}</name-node>
            <configuration>
                <property>
                    <name>mapreduce.job.queuename</name>
                    <value>${queue}</value>
                </property>
                <property>
                    <name>yarn.app.mapreduce.am.resource.mb</name>
                    <value>4096</value>
                </property>
                <property>
                    <name>yarn.app.mapreduce.am.command-opts</name>
                    <value>-Xmx3276m</value>
                </property>
                <property>
                    <name>mapreduce.map.memory.mb</name>
                    <value>4096</value>
                </property>
                <property>
                    <name>mapreduce.reduce.memory.mb</name>
                    <value>4096</value>
                </property>
                <property>
                    <name>mapreduce.map.java.opts</name>
                    <value>-Xmx3278m</value>
                </property>
                <property>
                  <name>mapreduce.reduce.java.opts</name>
                  <value>-Xmx3278m</value>
                </property>
            </configuration>
            <master>${master}</master>
            <mode>${mode}</mode>
			<name>job_ea_sc_scits_xtrn_mfrg_ptnr_splyr_mstr_cnsmpn_wrapper</name>
            <class>main.scala.com.hpe.batch.driver.SCITSDriver</class>
            <jar>${nameNode}/user/${userName}/oozie/Consumption/Common/hpe-eap-oozie-ref_consumption/lib/${jarName}
            </jar>
            <spark-opts>--driver-memory ${driverMemory} --executor-memory ${executorMemory} --executor-cores ${executorCores} --queue ${queue} --files hive-site.xml --conf spark.eventLog.dir=${nameNode}/user/${userName}/eventLogging --conf spark.app.name=job_ea_sc_scits_xtrn_mfrg_ptnr_splyr_mstr_cnsmpn_wrapper --conf spark.dynamicAllocation.initialExecutors=${initialExecutors} --conf spark.dynamicAllocation.maxExecutors=${maxExecutors} --conf spark.dynamicAllocation.cachedExecutorIdleTimeout=${cachedExecutorIdleTimeout} --conf spark.dynamicAllocation.enabled=${dynamic} --conf spark.files.overwrite=true
            </spark-opts>
            <arg>${nameNode}/user/${userName}/properties/xtrn_mfrg_ptnr_splyr_mstr_cnsmpn.properties</arg>
        </spark>
                <ok to="first-joining" />
                <error to="failed-email-notification" />
    </action>
	<action name='job_ea_sc_scits_xtrn_mfrg_ptnr_prod_srtr_cnsmpn_wrapper' cred="hcatauth">
        <spark xmlns="uri:oozie:spark-action:0.2">
            <job-tracker>${jobTracker}</job-tracker>
            <name-node>${nameNode}</name-node>
            <configuration>
                <property>
                    <name>mapreduce.job.queuename</name>
                    <value>${queue}</value>
                </property>
                <property>
                    <name>yarn.app.mapreduce.am.resource.mb</name>
                    <value>4096</value>
                </property>
                <property>
                    <name>yarn.app.mapreduce.am.command-opts</name>
                    <value>-Xmx3276m</value>
                </property>
                <property>
                    <name>mapreduce.map.memory.mb</name>
                    <value>4096</value>
                </property>
                <property>
                    <name>mapreduce.reduce.memory.mb</name>
                    <value>4096</value>
                </property>
                <property>
                    <name>mapreduce.map.java.opts</name>
                    <value>-Xmx3278m</value>
                </property>
                <property>
                  <name>mapreduce.reduce.java.opts</name>
                  <value>-Xmx3278m</value>
                </property>
            </configuration>
            <master>${master}</master>
            <mode>${mode}</mode>
			<name>job_ea_sc_scits_xtrn_mfrg_ptnr_prod_srtr_cnsmpn_wrapper</name>
            <class>main.scala.com.hpe.batch.driver.SCITSDriver</class>
            <jar>${nameNode}/user/${userName}/oozie/Consumption/Common/hpe-eap-oozie-ref_consumption/lib/${jarName}
            </jar>
            <spark-opts>--driver-memory ${driverMemory} --executor-memory ${executorMemory} --executor-cores ${executorCores} --queue ${queue} --files hive-site.xml --conf spark.eventLog.dir=${nameNode}/user/${userName}/eventLogging --conf spark.app.name=job_ea_sc_scits_xtrn_mfrg_ptnr_prod_srtr_cnsmpn_wrapper --conf spark.dynamicAllocation.initialExecutors=${initialExecutors} --conf spark.dynamicAllocation.maxExecutors=${maxExecutors} --conf spark.dynamicAllocation.cachedExecutorIdleTimeout=${cachedExecutorIdleTimeout} --conf spark.dynamicAllocation.enabled=${dynamic} --conf spark.files.overwrite=true
            </spark-opts>
            <arg>${nameNode}/user/${userName}/properties/xtrn_mfrg_ptnr_prod_srtr_cnsmpn.properties</arg>
        </spark>
                <ok to="first-joining" />
                <error to="failed-email-notification" />
    </action>
	<action name='job_ea_sc_scits_xtrn_mfrg_ptnr_prt_mstr_cnsmpn_wrapper' cred="hcatauth">
        <spark xmlns="uri:oozie:spark-action:0.2">
            <job-tracker>${jobTracker}</job-tracker>
            <name-node>${nameNode}</name-node>
            <configuration>
                <property>
                    <name>mapreduce.job.queuename</name>
                    <value>${queue}</value>
                </property>
                <property>
                    <name>yarn.app.mapreduce.am.resource.mb</name>
                    <value>4096</value>
                </property>
                <property>
                    <name>yarn.app.mapreduce.am.command-opts</name>
                    <value>-Xmx3276m</value>
                </property>
                <property>
                    <name>mapreduce.map.memory.mb</name>
                    <value>4096</value>
                </property>
                <property>
                    <name>mapreduce.reduce.memory.mb</name>
                    <value>4096</value>
                </property>
                <property>
                    <name>mapreduce.map.java.opts</name>
                    <value>-Xmx3278m</value>
                </property>
                <property>
                  <name>mapreduce.reduce.java.opts</name>
                  <value>-Xmx3278m</value>
                </property>
            </configuration>
            <master>${master}</master>
            <mode>${mode}</mode>
			<name>job_ea_sc_scits_xtrn_mfrg_ptnr_prt_mstr_cnsmpn_wrapper</name>
            <class>main.scala.com.hpe.batch.driver.SCITSDriver</class>
            <jar>${nameNode}/user/${userName}/oozie/Consumption/Common/hpe-eap-oozie-ref_consumption/lib/${jarName}
            </jar>
            <spark-opts>--driver-memory ${driverMemory} --executor-memory ${executorMemory} --executor-cores ${executorCores} --queue ${queue} --files hive-site.xml --conf spark.eventLog.dir=${nameNode}/user/${userName}/eventLogging --conf spark.app.name=job_ea_sc_scits_xtrn_mfrg_ptnr_prt_mstr_cnsmpn_wrapper --conf spark.dynamicAllocation.initialExecutors=${initialExecutors} --conf spark.dynamicAllocation.maxExecutors=${maxExecutors} --conf spark.dynamicAllocation.cachedExecutorIdleTimeout=${cachedExecutorIdleTimeout} --conf spark.dynamicAllocation.enabled=${dynamic} --conf spark.files.overwrite=true
            </spark-opts>
            <arg>${nameNode}/user/${userName}/properties/xtrn_mfrg_ptnr_prt_mstr_cnsmpn.properties</arg>
        </spark>
                <ok to="first-joining" />
                <error to="failed-email-notification" />
    </action>
	<action name='job_ea_sc_scits_xtrn_mfrg_ptnr_splyr_prt_mstr_cnsmpn_wrapper' cred="hcatauth">
        <spark xmlns="uri:oozie:spark-action:0.2">
            <job-tracker>${jobTracker}</job-tracker>
            <name-node>${nameNode}</name-node>
            <configuration>
                <property>
                    <name>mapreduce.job.queuename</name>
                    <value>${queue}</value>
                </property>
                <property>
                    <name>yarn.app.mapreduce.am.resource.mb</name>
                    <value>4096</value>
                </property>
                <property>
                    <name>yarn.app.mapreduce.am.command-opts</name>
                    <value>-Xmx3276m</value>
                </property>
                <property>
                    <name>mapreduce.map.memory.mb</name>
                    <value>4096</value>
                </property>
                <property>
                    <name>mapreduce.reduce.memory.mb</name>
                    <value>4096</value>
                </property>
                <property>
                    <name>mapreduce.map.java.opts</name>
                    <value>-Xmx3278m</value>
                </property>
                <property>
                  <name>mapreduce.reduce.java.opts</name>
                  <value>-Xmx3278m</value>
                </property>
            </configuration>
            <master>${master}</master>
            <mode>${mode}</mode>
			<name>job_ea_sc_scits_xtrn_mfrg_ptnr_splyr_prt_mstr_cnsmpn_wrapper</name>
            <class>main.scala.com.hpe.batch.driver.SCITSDriver</class>
            <jar>${nameNode}/user/${userName}/oozie/Consumption/Common/hpe-eap-oozie-ref_consumption/lib/${jarName}
            </jar>
            <spark-opts>--driver-memory ${driverMemory} --executor-memory ${executorMemory} --executor-cores ${executorCores} --queue ${queue} --files hive-site.xml --conf spark.eventLog.dir=${nameNode}/user/${userName}/eventLogging --conf spark.app.name=job_ea_sc_scits_xtrn_mfrg_ptnr_splyr_prt_mstr_cnsmpn_wrapper --conf spark.dynamicAllocation.initialExecutors=${initialExecutors} --conf spark.dynamicAllocation.maxExecutors=${maxExecutors} --conf spark.dynamicAllocation.cachedExecutorIdleTimeout=${cachedExecutorIdleTimeout} --conf spark.dynamicAllocation.enabled=${dynamic} --conf spark.files.overwrite=true
            </spark-opts>
            <arg>${nameNode}/user/${userName}/properties/xtrn_mfrg_ptnr_splyr_prt_mstr_cnsmpn.properties</arg>
        </spark>
                <ok to="first-joining" />
                <error to="failed-email-notification" />
    </action>
	<join name="first-joining" to='second-parallel-set'/>
	<action name='job_ea_sc_scits_xtrn_mfrg_ptnr_prt_mstr_fct_wrapper' cred="hcatauth">
        <spark xmlns="uri:oozie:spark-action:0.2">
            <job-tracker>${jobTracker}</job-tracker>
            <name-node>${nameNode}</name-node>
            <configuration>
                <property>
                    <name>mapreduce.job.queuename</name>
                    <value>${queue}</value>
                </property>
                <property>
                    <name>yarn.app.mapreduce.am.resource.mb</name>
                    <value>4096</value>
                </property>
                <property>
                    <name>yarn.app.mapreduce.am.command-opts</name>
                    <value>-Xmx3276m</value>
                </property>
                <property>
                    <name>mapreduce.map.memory.mb</name>
                    <value>4096</value>
                </property>
                <property>
                    <name>mapreduce.reduce.memory.mb</name>
                    <value>4096</value>
                </property>
                <property>
                    <name>mapreduce.map.java.opts</name>
                    <value>-Xmx3278m</value>
                </property>
                <property>
                  <name>mapreduce.reduce.java.opts</name>
                  <value>-Xmx3278m</value>
                </property>
            </configuration>
            <master>${master}</master>
            <mode>${mode}</mode>
			<name>job_ea_sc_scits_xtrn_mfrg_ptnr_prt_mstr_fct_wrapper</name>
            <class>com.hpe.batch.driver.facts.scits.PartMasterFact</class>
            <jar>hdfs://EAP-PROD/user/srvc_nextgen_hpro/oozie/Consumption/Supply_Chain/hpe-eap-oozie-supply_chain_management/lib/EAP_Pipeline_Fact_Load_Supply_Chain_Management.jar
            </jar>
            <spark-opts>--driver-memory ${driverMemory} --executor-memory ${executorMemory} --executor-cores ${executorCores} --queue ${queue} --files hive-site.xml --conf spark.eventLog.dir=${nameNode}/user/${userName}/eventLogging --conf spark.app.name=job_ea_sc_scits_xtrn_mfrg_ptnr_prt_mstr_fct_wrapper --conf spark.dynamicAllocation.initialExecutors=${initialExecutors} --conf spark.dynamicAllocation.maxExecutors=${maxExecutors} --conf spark.dynamicAllocation.cachedExecutorIdleTimeout=${cachedExecutorIdleTimeout} --conf spark.dynamicAllocation.enabled=${dynamic} --conf spark.files.overwrite=true
            </spark-opts>
            <arg>${nameNode}/user/${userName}/properties/xtrn_mfrg_ptnr_prt_mstr_fact.properties </arg>
        </spark>
                <ok to="second-joining" />
                <error to="failed-email-notification" />
    </action>
	<action name='job_ea_sc_scits_xtrn_mfrg_ptnr_splyr_prt_mstr_fct_wrapper' cred="hcatauth">
        <spark xmlns="uri:oozie:spark-action:0.2">
            <job-tracker>${jobTracker}</job-tracker>
            <name-node>${nameNode}</name-node>
            <configuration>
                <property>
                    <name>mapreduce.job.queuename</name>
                    <value>${queue}</value>
                </property>
                <property>
                    <name>yarn.app.mapreduce.am.resource.mb</name>
                    <value>4096</value>
                </property>
                <property>
                    <name>yarn.app.mapreduce.am.command-opts</name>
                    <value>-Xmx3276m</value>
                </property>
                <property>
                    <name>mapreduce.map.memory.mb</name>
                    <value>4096</value>
                </property>
                <property>
                    <name>mapreduce.reduce.memory.mb</name>
                    <value>4096</value>
                </property>
                <property>
                    <name>mapreduce.map.java.opts</name>
                    <value>-Xmx3278m</value>
                </property>
                <property>
                  <name>mapreduce.reduce.java.opts</name>
                  <value>-Xmx3278m</value>
                </property>
            </configuration>
            <master>${master}</master>
            <mode>${mode}</mode>
			<name>job_ea_sc_scits_xtrn_mfrg_ptnr_splyr_prt_mstr_fct_wrapper</name>
            <class>com.hpe.batch.driver.facts.scits.SupplierPartMasterFact</class>
            <jar>hdfs://EAP-PROD/user/srvc_nextgen_hpro/oozie/Consumption/Supply_Chain/hpe-eap-oozie-supply_chain_management/lib/EAP_Pipeline_Fact_Load_Supply_Chain_Management.jar
            </jar>
            <spark-opts>--driver-memory ${driverMemory} --executor-memory ${executorMemory} --executor-cores ${executorCores} --queue ${queue} --files hive-site.xml --conf spark.eventLog.dir=${nameNode}/user/${userName}/eventLogging --conf spark.app.name=job_ea_sc_scits_xtrn_mfrg_ptnr_splyr_prt_mstr_fct_wrapper --conf spark.dynamicAllocation.initialExecutors=${initialExecutors} --conf spark.dynamicAllocation.maxExecutors=${maxExecutors} --conf spark.dynamicAllocation.cachedExecutorIdleTimeout=${cachedExecutorIdleTimeout} --conf spark.dynamicAllocation.enabled=${dynamic} --conf spark.files.overwrite=true
            </spark-opts>
            <arg>${nameNode}/user/${userName}/properties/xtrn_mfrg_ptnr_splyr_prt_mstr_fact.properties </arg>
        </spark>
                <ok to="second-joining" />
                <error to="failed-email-notification" />
    </action>
	<join name="second-joining" to='third-parallel-set'/>
	<action name='job_ea_sc_scits_xtrn_mfrg_ptnr_inbnd_opn_orders_fct_wrapper' cred="hcatauth">
        <spark xmlns="uri:oozie:spark-action:0.2">
            <job-tracker>${jobTracker}</job-tracker>
            <name-node>${nameNode}</name-node>
            <configuration>
                <property>
                    <name>mapreduce.job.queuename</name>
                    <value>${queue}</value>
                </property>
                <property>
                    <name>yarn.app.mapreduce.am.resource.mb</name>
                    <value>4096</value>
                </property>
                <property>
                    <name>yarn.app.mapreduce.am.command-opts</name>
                    <value>-Xmx3276m</value>
                </property>
                <property>
                    <name>mapreduce.map.memory.mb</name>
                    <value>4096</value>
                </property>
                <property>
                    <name>mapreduce.reduce.memory.mb</name>
                    <value>4096</value>
                </property>
                <property>
                    <name>mapreduce.map.java.opts</name>
                    <value>-Xmx3278m</value>
                </property>
                <property>
                  <name>mapreduce.reduce.java.opts</name>
                  <value>-Xmx3278m</value>
                </property>
            </configuration>
            <master>${master}</master>
            <mode>${mode}</mode>
			<name>job_ea_sc_scits_xtrn_mfrg_ptnr_inbnd_opn_orders_fct_wrapper</name>
            <class>com.hpe.batch.driver.facts.scits.InboundOpenOrdersFact</class>
            <jar>hdfs://EAP-PROD/user/srvc_nextgen_hpro/oozie/Consumption/Supply_Chain/hpe-eap-oozie-supply_chain_management/lib/EAP_Pipeline_Fact_Load_Supply_Chain_Management.jar
            </jar>
            <spark-opts>--driver-memory ${driverMemory} --executor-memory ${executorMemory} --executor-cores ${executorCores} --queue ${queue} --files hive-site.xml --conf spark.eventLog.dir=${nameNode}/user/${userName}/eventLogging --conf spark.app.name=job_ea_sc_scits_xtrn_mfrg_ptnr_inbnd_opn_orders_fct_wrapper --conf spark.dynamicAllocation.initialExecutors=${initialExecutors} --conf spark.dynamicAllocation.maxExecutors=${maxExecutors} --conf spark.dynamicAllocation.cachedExecutorIdleTimeout=${cachedExecutorIdleTimeout} --conf spark.dynamicAllocation.enabled=${dynamic} --conf spark.files.overwrite=true
            </spark-opts>
            <arg>${nameNode}/user/${userName}/properties/xtrn_mfrg_ptnr_inbnd_opn_orders_fact.properties </arg>
        </spark>
                <ok to="third-joining" />
                <error to="failed-email-notification" />
    </action>
	<action name='job_ea_sc_scits_xtrn_mfrg_ptnr_inbnd_receipts_fct_wrapper' cred="hcatauth">
        <spark xmlns="uri:oozie:spark-action:0.2">
            <job-tracker>${jobTracker}</job-tracker>
            <name-node>${nameNode}</name-node>
            <configuration>
                <property>
                    <name>mapreduce.job.queuename</name>
                    <value>${queue}</value>
                </property>
                <property>
                    <name>yarn.app.mapreduce.am.resource.mb</name>
                    <value>4096</value>
                </property>
                <property>
                    <name>yarn.app.mapreduce.am.command-opts</name>
                    <value>-Xmx3276m</value>
                </property>
                <property>
                    <name>mapreduce.map.memory.mb</name>
                    <value>4096</value>
                </property>
                <property>
                    <name>mapreduce.reduce.memory.mb</name>
                    <value>4096</value>
                </property>
                <property>
                    <name>mapreduce.map.java.opts</name>
                    <value>-Xmx3278m</value>
                </property>
                <property>
                  <name>mapreduce.reduce.java.opts</name>
                  <value>-Xmx3278m</value>
                </property>
            </configuration>
            <master>${master}</master>
            <mode>${mode}</mode>
			<name>job_ea_sc_scits_xtrn_mfrg_ptnr_inbnd_receipts_fct_wrapper</name>
            <class>com.hpe.batch.driver.facts.scits.InboundReceiptsFact</class>
            <jar>hdfs://EAP-PROD/user/srvc_nextgen_hpro/oozie/Consumption/Supply_Chain/hpe-eap-oozie-supply_chain_management/lib/EAP_Pipeline_Fact_Load_Supply_Chain_Management.jar
            </jar>
            <spark-opts>--driver-memory ${driverMemory} --executor-memory ${executorMemory} --executor-cores ${executorCores} --queue ${queue} --files hive-site.xml --conf spark.eventLog.dir=${nameNode}/user/${userName}/eventLogging --conf spark.app.name=job_ea_sc_scits_xtrn_mfrg_ptnr_inbnd_receipts_fct_wrapper --conf spark.dynamicAllocation.initialExecutors=${initialExecutors} --conf spark.dynamicAllocation.maxExecutors=${maxExecutors} --conf spark.dynamicAllocation.cachedExecutorIdleTimeout=${cachedExecutorIdleTimeout} --conf spark.dynamicAllocation.enabled=${dynamic} --conf spark.files.overwrite=true
            </spark-opts>
            <arg>${nameNode}/user/${userName}/properties/xtrn_mfrg_ptnr_inbnd_receipts_fact.properties </arg>
        </spark>
                <ok to="third-joining" />
                <error to="failed-email-notification" />
    </action>
	<action name='job_ea_sc_scits_xtrn_mfrg_ptnr_open_work_orders_fct_wrapper' cred="hcatauth">
        <spark xmlns="uri:oozie:spark-action:0.2">
            <job-tracker>${jobTracker}</job-tracker>
            <name-node>${nameNode}</name-node>
            <configuration>
                <property>
                    <name>mapreduce.job.queuename</name>
                    <value>${queue}</value>
                </property>
                <property>
                    <name>yarn.app.mapreduce.am.resource.mb</name>
                    <value>4096</value>
                </property>
                <property>
                    <name>yarn.app.mapreduce.am.command-opts</name>
                    <value>-Xmx3276m</value>
                </property>
                <property>
                    <name>mapreduce.map.memory.mb</name>
                    <value>4096</value>
                </property>
                <property>
                    <name>mapreduce.reduce.memory.mb</name>
                    <value>4096</value>
                </property>
                <property>
                    <name>mapreduce.map.java.opts</name>
                    <value>-Xmx3278m</value>
                </property>
                <property>
                  <name>mapreduce.reduce.java.opts</name>
                  <value>-Xmx3278m</value>
                </property>
            </configuration>
            <master>${master}</master>
            <mode>${mode}</mode>
			<name>job_ea_sc_scits_xtrn_mfrg_ptnr_open_work_orders_fct_wrapper</name>
            <class>com.hpe.batch.driver.facts.scits.OpenWorkOrderFact</class>
            <jar>hdfs://EAP-PROD/user/srvc_nextgen_hpro/oozie/Consumption/Supply_Chain/hpe-eap-oozie-supply_chain_management/lib/EAP_Pipeline_Fact_Load_Supply_Chain_Management.jar
            </jar>
            <spark-opts>--driver-memory ${driverMemory} --executor-memory ${executorMemory} --executor-cores ${executorCores} --queue ${queue} --files hive-site.xml --conf spark.eventLog.dir=${nameNode}/user/${userName}/eventLogging --conf spark.app.name=job_ea_sc_scits_xtrn_mfrg_ptnr_open_work_orders_fct_wrapper --conf spark.dynamicAllocation.initialExecutors=${initialExecutors} --conf spark.dynamicAllocation.maxExecutors=${maxExecutors} --conf spark.dynamicAllocation.cachedExecutorIdleTimeout=${cachedExecutorIdleTimeout} --conf spark.dynamicAllocation.enabled=${dynamic} --conf spark.files.overwrite=true
            </spark-opts>
            <arg>${nameNode}/user/${userName}/properties/xtrn_mfrg_ptnr_opn_wrk_orders_fact.properties </arg>
        </spark>
                <ok to="third-joining" />
                <error to="failed-email-notification" />
    </action>
	<action name='job_ea_sc_scits_xtrn_mfrg_ptnr_inventory_fct_wrapper' cred="hcatauth">
        <spark xmlns="uri:oozie:spark-action:0.2">
            <job-tracker>${jobTracker}</job-tracker>
            <name-node>${nameNode}</name-node>
            <configuration>
                <property>
                    <name>mapreduce.job.queuename</name>
                    <value>${queue}</value>
                </property>
                <property>
                    <name>yarn.app.mapreduce.am.resource.mb</name>
                    <value>4096</value>
                </property>
                <property>
                    <name>yarn.app.mapreduce.am.command-opts</name>
                    <value>-Xmx3276m</value>
                </property>
                <property>
                    <name>mapreduce.map.memory.mb</name>
                    <value>4096</value>
                </property>
                <property>
                    <name>mapreduce.reduce.memory.mb</name>
                    <value>4096</value>
                </property>
                <property>
                    <name>mapreduce.map.java.opts</name>
                    <value>-Xmx3278m</value>
                </property>
                <property>
                  <name>mapreduce.reduce.java.opts</name>
                  <value>-Xmx3278m</value>
                </property>
            </configuration>
            <master>${master}</master>
            <mode>${mode}</mode>
			<name>job_ea_sc_scits_xtrn_mfrg_ptnr_inventory_fct_wrapper</name>
            <class>com.hpe.batch.driver.facts.scits.ExternalManufacturingPartnerInventoryFact</class>
            <jar>hdfs://EAP-PROD/user/srvc_nextgen_hpro/oozie/Consumption/Supply_Chain/hpe-eap-oozie-supply_chain_management/lib/EAP_Pipeline_Fact_Load_Supply_Chain_Management.jar
            </jar>
            <spark-opts>--driver-memory ${driverMemory} --executor-memory ${executorMemory} --executor-cores ${executorCores} --queue ${queue} --files hive-site.xml --conf spark.eventLog.dir=${nameNode}/user/${userName}/eventLogging --conf spark.app.name=job_ea_sc_scits_xtrn_mfrg_ptnr_inventory_fct_wrapper --conf spark.dynamicAllocation.initialExecutors=${initialExecutors} --conf spark.dynamicAllocation.maxExecutors=${maxExecutors} --conf spark.dynamicAllocation.cachedExecutorIdleTimeout=${cachedExecutorIdleTimeout} --conf spark.dynamicAllocation.enabled=${dynamic} --conf spark.files.overwrite=true
            </spark-opts>
            <arg>${nameNode}/user/${userName}/properties/xtrn_mfrg_ptnr_invy_fact.properties </arg>
        </spark>
                <ok to="third-joining" />
                <error to="failed-email-notification" />
    </action>
	<action name='job_ea_sc_scits_xtrn_mfrg_ptnr_material_requirements_fct_wrapper' cred="hcatauth">
        <spark xmlns="uri:oozie:spark-action:0.2">
            <job-tracker>${jobTracker}</job-tracker>
            <name-node>${nameNode}</name-node>
            <configuration>
                <property>
                    <name>mapreduce.job.queuename</name>
                    <value>${queue}</value>
                </property>
                <property>
                    <name>yarn.app.mapreduce.am.resource.mb</name>
                    <value>4096</value>
                </property>
                <property>
                    <name>yarn.app.mapreduce.am.command-opts</name>
                    <value>-Xmx3276m</value>
                </property>
                <property>
                    <name>mapreduce.map.memory.mb</name>
                    <value>4096</value>
                </property>
                <property>
                    <name>mapreduce.reduce.memory.mb</name>
                    <value>4096</value>
                </property>
                <property>
                    <name>mapreduce.map.java.opts</name>
                    <value>-Xmx3278m</value>
                </property>
                <property>
                  <name>mapreduce.reduce.java.opts</name>
                  <value>-Xmx3278m</value>
                </property>
            </configuration>
            <master>${master}</master>
            <mode>${mode}</mode>
			<name>job_ea_sc_scits_xtrn_mfrg_ptnr_material_requirements_fct_wrapper</name>
            <class>com.hpe.batch.driver.facts.scits.MaterialRequirementsFact</class>
            <jar>hdfs://EAP-PROD/user/srvc_nextgen_hpro/oozie/Consumption/Supply_Chain/hpe-eap-oozie-supply_chain_management/lib/EAP_Pipeline_Fact_Load_Supply_Chain_Management.jar
            </jar>
            <spark-opts>--driver-memory ${driverMemory} --executor-memory ${executorMemory} --executor-cores ${executorCores} --queue ${queue} --files hive-site.xml --conf spark.eventLog.dir=${nameNode}/user/${userName}/eventLogging --conf spark.app.name=job_ea_sc_scits_xtrn_mfrg_ptnr_material_requirements_fct_wrapper --conf spark.dynamicAllocation.initialExecutors=${initialExecutors} --conf spark.dynamicAllocation.maxExecutors=${maxExecutors} --conf spark.dynamicAllocation.cachedExecutorIdleTimeout=${cachedExecutorIdleTimeout} --conf spark.dynamicAllocation.enabled=${dynamic} --conf spark.files.overwrite=true
            </spark-opts>
            <arg>${nameNode}/user/${userName}/properties/xtrn_mfrg_ptnr_mtrl_rqrmnts_fact.properties </arg>
        </spark>
                <ok to="third-joining" />
                <error to="failed-email-notification" />
    </action>
	<action name='job_ea_sc_scits_xtrn_mfrg_ptnr_outbound_open_orders_fct_wrapper' cred="hcatauth">
        <spark xmlns="uri:oozie:spark-action:0.2">
            <job-tracker>${jobTracker}</job-tracker>
            <name-node>${nameNode}</name-node>
            <configuration>
                <property>
                    <name>mapreduce.job.queuename</name>
                    <value>${queue}</value>
                </property>
                <property>
                    <name>yarn.app.mapreduce.am.resource.mb</name>
                    <value>4096</value>
                </property>
                <property>
                    <name>yarn.app.mapreduce.am.command-opts</name>
                    <value>-Xmx3276m</value>
                </property>
                <property>
                    <name>mapreduce.map.memory.mb</name>
                    <value>4096</value>
                </property>
                <property>
                    <name>mapreduce.reduce.memory.mb</name>
                    <value>4096</value>
                </property>
                <property>
                    <name>mapreduce.map.java.opts</name>
                    <value>-Xmx3278m</value>
                </property>
                <property>
                  <name>mapreduce.reduce.java.opts</name>
                  <value>-Xmx3278m</value>
                </property>
            </configuration>
            <master>${master}</master>
            <mode>${mode}</mode>
			<name>job_ea_sc_scits_xtrn_mfrg_ptnr_outbound_open_orders_fct_wrapper</name>
            <class>com.hpe.batch.driver.facts.scits.OutboundOpenOrdersFact</class>
            <jar>hdfs://EAP-PROD/user/srvc_nextgen_hpro/oozie/Consumption/Supply_Chain/hpe-eap-oozie-supply_chain_management/lib/EAP_Pipeline_Fact_Load_Supply_Chain_Management.jar
            </jar>
            <spark-opts>--driver-memory ${driverMemory} --executor-memory ${executorMemory} --executor-cores ${executorCores} --queue ${queue} --files hive-site.xml --conf spark.eventLog.dir=${nameNode}/user/${userName}/eventLogging --conf spark.app.name=job_ea_sc_scits_xtrn_mfrg_ptnr_outbound_open_orders_fct_wrapper --conf spark.dynamicAllocation.initialExecutors=${initialExecutors} --conf spark.dynamicAllocation.maxExecutors=${maxExecutors} --conf spark.dynamicAllocation.cachedExecutorIdleTimeout=${cachedExecutorIdleTimeout} --conf spark.dynamicAllocation.enabled=${dynamic} --conf spark.files.overwrite=true
            </spark-opts>
            <arg>${nameNode}/user/${userName}/properties/xtrn_mfrg_ptnr_otbnd_opn_orders_fact.properties </arg>
        </spark>
                <ok to="third-joining" />
                <error to="failed-email-notification" />
    </action>
	<join name="third-joining" to='job_ea_hive_qlik_dependency_scits_end'/>
	<action name='job_ea_hive_qlik_dependency_scits_end' cred="hcatauth">
        <spark xmlns="uri:oozie:spark-action:0.2">
            <job-tracker>${jobTracker}</job-tracker>
            <name-node>${nameNode}</name-node>
            <configuration>
                <property>
                    <name>mapreduce.job.queuename</name>
                    <value>${queue}</value>
                </property>
                <property>
                    <name>yarn.app.mapreduce.am.resource.mb</name>
                    <value>4096</value>
                </property>
                <property>
                    <name>yarn.app.mapreduce.am.command-opts</name>
                    <value>-Xmx3276m</value>
                </property>
                <property>
                    <name>mapreduce.map.memory.mb</name>
                    <value>4096</value>
                </property>
                <property>
                    <name>mapreduce.reduce.memory.mb</name>
                    <value>4096</value>
                </property>
                <property>
                    <name>mapreduce.map.java.opts</name>
                    <value>-Xmx3278m</value>
                </property>
                <property>
                  <name>mapreduce.reduce.java.opts</name>
                  <value>-Xmx3278m</value>
                </property>
            </configuration>
            <master>${master}</master>
            <mode>${mode}</mode>
            <name>job_ea_hive_qlik_dependency_scits_end</name>
            <class>com.hpe.batch.driver.facts.hive_qlik_dependency.hive_qlik_dependency</class>
            <jar>hdfs://EAP-PROD/user/srvc_nextgen_hpro/oozie/Consumption/Common/hpe-eap-oozie-hive_qlik_dependency_consumption/lib/EAP_Pipeline_Hive_Qlik_Dependency_Consumption.jar
            </jar>
            <spark-opts>--driver-memory ${hive_qlik_driverMemory} --executor-memory ${hive_qlik_executorMemory} --total-executor-cores ${hive_qlik_executorCores} --queue ${queue} --files hive-site.xml --conf spark.eventLog.dir=${nameNode}/user/${userName}/eventLogging --conf spark.app.name=job_ea_hive_qlik_dependency_scits_end --conf spark.dynamicAllocation.initialExecutors=${hive_qlik_initialExecutors} --conf spark.dynamicAllocation.maxExecutors=${hive_qlik_maxExecutors} --conf spark.dynamicAllocation.cachedExecutorIdleTimeout=${hive_qlik_cachedExecutorIdleTimeout} --conf spark.dynamicAllocation.enabled=${hive_qlik_dynamic} --conf spark.files.overwrite=true
            </spark-opts>
        <arg>${hive_qlik_model_name}</arg>
        <arg>${hive_qlik_email_recipients}</arg>
        <arg>end</arg>
        <arg>${hive_qlik_db_name}</arg>
        <arg>${hive_qlik_environment}</arg>
        </spark>
                <ok to="end" />
                <error to="failed-email-notification" />
	</action>
	<action name="failed-email-notification">
			<email xmlns="uri:oozie:email-action:0.1">
				<to>${hive_qlik_email_recipients}</to>
				<cc></cc>
				<subject>PROD:Oozie workflow job_ea_sc_scits_workflow has failed</subject>
				<body>The workflow ${wf:id()} had issues and has ended with errors.  The error message is: ${wf:errorMessage(wf:lastErrorNode())}</body>
			</email>
			<ok to="fail"/>
			<error to="fail"/>
	</action>
	<kill name="fail">
			<message>Workflow failed, error message
				[${wf:errorMessage(wf:lastErrorNode())}]</message>
	</kill>
	<end name="end" />
</workflow-app>