<workflow-app xmlns="uri:oozie:workflow:0.3" name="job_ea_${dmnNm}_${objNm}_archive_workflow">
	<credentials>
		<credential name="hcatauth" type="hcat">
			<property>
				<name>hive.metastore.uris</name>
				<value>${hiveThrift}</value>
			</property>
			<property>
				<name>hcat.metastore.principal</name>
				<value>${kPrincipal}</value>
			</property>
		</credential>
	</credentials>
	<start to="job_ea_archive_wrapper" />
	<action name='job_ea_archive_wrapper' cred="hcatauth">
        <spark xmlns="uri:oozie:spark-action:0.2">
            <job-tracker>${jobTracker}</job-tracker>
            <name-node>${nameNode}</name-node>
            <configuration>
                <property>
                    <name>mapreduce.job.queuename</name>
                    <value>${queue}</value>
                </property>
                <property>
                    <name>yarn.app.mapreduce.am.resource.mb</name>
                    <value>4096</value>
                </property>
                <property>
                    <name>yarn.app.mapreduce.am.command-opts</name>
                    <value>-Xmx3276m</value>
                </property>
                <property>
                    <name>mapreduce.map.memory.mb</name>
                    <value>4096</value>
                </property>
                <property>
                    <name>mapreduce.reduce.memory.mb</name>
                    <value>4096</value>
                </property>
                <property>
                    <name>mapreduce.map.java.opts</name>
                    <value>-Xmx3278m</value>
                </property>
                <property>
                  <name>mapreduce.reduce.java.opts</name>
                  <value>-Xmx3278m</value>
                </property>
            </configuration>
            <master>${master}</master>
            <mode>${mode}</mode>
			<name>job_ea_archive_wrapper</name>
            <class>main.scala.com.hpe.utils.ArchiveAllPartitions</class>
            <jar>${nameNode}/user/srvc_nextgen_hpro/oozie/Consumption/Supply_Chain/hpe-eap-oozie-supply_chain_management/lib/EAP_Pipeline_Fact_Load_Supply_Chain_Management.jar
            </jar>
            <spark-opts>--driver-memory ${driverMemory} --executor-memory ${executorMemory} --executor-cores ${executorCores} --queue ${queue} --files hive-site.xml --conf spark.eventLog.dir=${nameNode}/user/${userName}/eventLogging --conf spark.app.name=job_ea_${dmnNm}_${objNm}_archive_wrapper --conf spark.dynamicAllocation.initialExecutors=${initialExecutors} --conf spark.dynamicAllocation.maxExecutors=${maxExecutors} --conf spark.dynamicAllocation.cachedExecutorIdleTimeout=${cachedExecutorIdleTimeout} --conf spark.dynamicAllocation.enabled=${dynamic} --conf spark.files.overwrite=true --num-executors ${num_executors}
            </spark-opts>
            <arg>${nameNode}/user/${userName}/properties/${objNm}_archive.properties</arg>
        </spark>
                <ok to="end" />
                <error to="failed-email-notification" />
    </action>
	<action name="failed-email-notification">
			<email xmlns="uri:oozie:email-action:0.1">
				<to>${hive_qlik_email_recipients}</to>
				<cc></cc>
				<subject>PROD:Oozie workflow job_ea_${dmnNm}_${objNm}_archive_workflow has failed</subject>
				<body>The workflow ${wf:id()} had issues and has ended with errors.  The error message is: ${wf:errorMessage(wf:lastErrorNode())}</body>
			</email>
			<ok to="fail"/>
			<error to="fail"/>
	</action>
	<kill name="fail">
			<message>Workflow failed, error message
				[${wf:errorMessage(wf:lastErrorNode())}]</message>
	</kill>
	<end name="end" />
</workflow-app>