  <configuration>
    
    <property>
      <name>hive.metastore.client.connect.retry.delay</name>
      <value>5</value>
    </property>
    
    <property>
      <name>hive.metastore.client.socket.timeout</name>
      <value>1800</value>
    </property>
    
    <property>
      <name>hive.metastore.kerberos.keytab.file</name>
      <value>/etc/security/keytabs/hive.service.keytab</value>
    </property>
    
    <property>
      <name>hive.metastore.kerberos.principal</name>
      <value>hive/_HOST@EAPITG.HPEIT.HPE.COM</value>
    </property>
    
    <property>
      <name>hive.metastore.sasl.enabled</name>
      <value>true</value>
    </property>
    
    <property>
      <name>hive.metastore.uris</name>
      <value>thrift://hnr01n03-i.hpeit.hpecorp.net:9083,thrift://hnr02n03-i.hpeit.hpecorp.net:9083</value>
    </property>
    
    <property>
      <name>hive.server2.authentication</name>
      <value>KERBEROS</value>
    </property>
    
    <property>
      <name>hive.server2.authentication.kerberos.keytab</name>
      <value>/etc/security/keytabs/hive.service.keytab</value>
    </property>
    
    <property>
      <name>hive.server2.authentication.kerberos.principal</name>
      <value>hive/_HOST@EAPITG.HPEIT.HPE.COM</value>
    </property>
    
    <property>
      <name>hive.server2.authentication.spnego.keytab</name>
      <value>/etc/security/keytabs/spnego.service.keytab</value>
    </property>
    
    <property>
      <name>hive.server2.authentication.spnego.principal</name>
      <value>HTTP/_HOST@EAPITG.HPEIT.HPE.COM</value>
    </property>
    
    <property>
      <name>hive.server2.enable.doAs</name>
      <value>false</value>
    </property>
    
    <property>
      <name>hive.server2.thrift.port</name>
      <value>10015</value>
    </property>
    
    <property>
      <name>hive.server2.transport.mode</name>
      <value>binary</value>
    </property>
    
  </configuration>