<coordinator-app xmlns="uri:oozie:coordinator:0.2" name="job_ea_${dmnNm}_${objNm}_file_loader_coordinator" frequency="5" start="${startTime}" end="${endTime}" timezone="UTC" >
   <controls>
      <timeout>1</timeout>
      <concurrency>1</concurrency>
      <execution>FIFO</execution>
      <throttle>1</throttle>
   </controls>

<datasets>
      <dataset name="input1" frequency="1" initial-instance="${startTime}" timezone="UTC">
            <uri-template>${nameNode}/user/srvc_ima_platform/EA/${objNm}_source_files</uri-template>
            <done-flag></done-flag>
      </dataset>
</datasets>

<input-events>
     <data-in name="coordInput1" dataset="input1">
           <start-instance>${coord:current(-1)}</start-instance>
           <end-instance>${coord:current(0)}</end-instance>
     </data-in>
</input-events>

   <action>
      <workflow>
         <app-path>${nameNode}/user/${userName}/${appRoot}/job_ea_${dmnNm}_${objNm}_file_loader_workflow.xml</app-path>
      </workflow>
   </action>

</coordinator-app>
