<workflow-app xmlns="uri:oozie:workflow:0.3" name="job_ea_${dmnNm}_${objNm}_file_loader_workflow">

        <credentials>
                <credential name="hcatauth" type="hcat">
                        <property>
                                <name>hive.metastore.uris</name>
                                <value>${hiveThrift}</value>
                        </property>
                        <property>
                                <name>hcat.metastore.principal</name>
                                <value>${kPrincipal}</value>
                        </property>
                </credential>
        </credentials>

                <start to='copy-to-stage' />

                <action name="copy-to-stage" cred="hcatauth">
        <fs>
            <move source='${srcDir}*.${sourcePattern}' target='${stgDir}'/>
        </fs>
        <ok to="unzip-files"/>
        <error to="end"/>
                </action>
                <action name="unzip-files" cred="hcatauth">
        <shell xmlns="uri:oozie:shell-action:0.2">
                             <job-tracker>${jobTracker}</job-tracker>
                             <name-node>${nameNode}</name-node>
                                  <configuration>
                <property>
                                                                        <name>mapred.job.queue.name</name>
                                                                        <value>${queue}</value>
                                                          </property>
                                           </configuration>
                                  <exec>${ShellScript}</exec>
								  <argument>${objNm}_stg</argument>
								  <argument>${sourcePattern}</argument>
								  <argument>${targetPattern}</argument>
                    <file>${nameNode}/user/${userName}/oozie/Interface/agile/hpe-eap-oozie-file/${ShellScript}</file>
                             </shell>
        <ok to="process-files"/>
        <error to="fail"/>
                </action>
        <action name='process-files' cred="hcatauth">
                <spark xmlns="uri:oozie:spark-action:0.2">
                        <job-tracker>${jobTracker}</job-tracker>
                        <name-node>${nameNode}</name-node>
                        <configuration>
                                <property>
                                        <name>mapreduce.job.queuename</name>
                                        <value>${queue}</value>
                                </property>
                                <property>
                                        <name>oozie.launcher.yarn.app.mapreduce.am.resource.mb</name>
                                        <value>4096</value>
                                </property>
                                <property>
                                        <name>oozie.launcher.yarn.app.mapreduce.am.command-opts</name>
                                        <value>-Xmx3276m</value>
                                </property>
                                <property>
                                        <name>oozie.launcher.mapreduce.map.memory.mb</name>
                                        <value>4096</value>
                                </property>
                                <property>
                                        <name>oozie.launcher.mapreduce.reduce.memory.mb</name>
                                        <value>4096</value>
                                </property>
                                <property>
                                        <name>oozie.launcher.mapreduce.map.java.opts</name>
                                        <value>-Xmx3278m</value>
                                </property>
                                <property>
                                        <name>oozie.launcher.mapreduce.reduce.java.opts</name>
                                        <value>-Xmx3278m</value>
                                </property>
                        </configuration>
                        <master>${master}</master>
                        <mode>${mode}</mode>
                        <name>job_ea_${dmnNm}_${objNm}_file_load_wrapper</name>
                        <class>com.hpe.driver.GenericFileToREF</class>
                        <jar>${nameNode}/user/${userName}/oozie/Interface/agile/hpe-eap-oozie-file/lib/${jarName}</jar>
                        <spark-opts>--driver-memory ${driverMemory} --executor-memory
                                ${executorMemory} --executor-cores ${executorCores} --queue
                                ${queue}
                                --files hive-site.xml --conf
                                spark.eventLog.dir=${nameNode}/user/${userName}/eventLogging --conf
                                spark.dynamicAllocation.initialExecutors=${initialExecutors} --conf
                                spark.dynamicAllocation.maxExecutors=${maxExecutors} --conf
                                spark.dynamicAllocation.cachedExecutorIdleTimeout=60
                                --conf spark.dynamicAllocation.enabled=true
                        </spark-opts>
                        <arg>${nameNode}/user/${userName}/properties/${fileobjNm}.properties</arg>
                </spark>
        <ok to="end"/>
        <error to="fail"/>
        </action>
        <action name="falied-email-notification">
                <email xmlns="uri:oozie:email-action:0.1">
                        <to>${email_recipients}</to>
                        <cc></cc>
                        <subject>PROD-HOH:Oozie workflow job_ea_${dmnNm}_${objNm}_file_load_wrapper has failed</subject>
                        <body>The workflow ${wf:id()} had issues and has ended with errors.
                                The error message is: ${wf:errorMessage(wf:lastErrorNode())}
                        </body>
                </email>
                <ok to="fail" />
                <error to="fail" />
        </action>

        <kill name="fail">
                <message>Workflow failed, error message
                        [${wf:errorMessage(wf:lastErrorNode())}]</message>
        </kill>

        <end name="end" />

</workflow-app>